alice,b086f5c2079a321ae715d52231d5712603a689d4d9b0700477b80c3271e5cfa259b25c426938464c2bfdeccd745f0390
bob,11be7f476bf34c755147576b276cb657e2766731d2acb51f5947209193c9e22b5ffb7f9819e90c3a06954936295e559b
charlie,316954a323f9d0d7133bccda7ae49921368ed6f1004ed043b7409e8cb199c32b6d9c52a76c60365f326316d1285bc0d0
david,bd902de25b701eaa1dccfe8e5ab105fcdb14ecb8df45fb53bcd96215893289fb58ff0067884ac6eaf96db44449861db0
emma,bb6b4fc47b1e759c8bf0bd7516c97b67ecea66d03f1c64f91817bf89d592b0fac75e2adc8789f561b4d4351d303b7d00
frank,053d32ceb7c1e5cde40c39cd6afef12619845aa26590aeb86225f663cbaa44c0e39a8f2f54ca7fc7c3e154f0ea7f3b16
grace,ebadd6b6a216b1c34723c8918db2fff58eecd535a6ff5fbef0b039e5e9b66e1e470e7b78c27e39b1312108f37fc21390
henry,8faa006d84623beec1b44d235230cb7ba187fcb98202011219fad583fbec9ad031df017bc32609bab2b323d1ef94152e
irene,da9a6cf248745654320258381e8449a5498e23a912cdbf6bae57f14ba7d2ef7eac8ea88c666265cebffd208c4989566b
jack,821d90ce7c6a23470edabbb15d903f8642271eaf17c0ce1701a39c10f4049fe19dc1af293b90e84d51cda844dee4fba1
